"rent_charge_id","contract_id","charge_period","period_start","period_end","base_amount","penalty_amount","total_amount_due","charge_status_id","invoice_number","invoice_sent_at","last_reminder_sent_at","due_date"
1,1,"2025-Jan","2025-01-01","2025-01-31","625.00","0.00","625.00",1,"INV-0001-1","2024-12-16 10:00:00",NULL,"2025-01-01"
2,2,"2025-Jan","2025-01-01","2025-01-31","650.00","0.00","650.00",1,"INV-0002-1","2024-12-17 10:00:00",NULL,"2025-01-01"
3,3,"2025-Jan","2025-01-01","2025-01-31","675.00","0.00","675.00",1,"INV-0003-1","2024-12-18 10:00:00",NULL,"2025-01-01"
4,4,"2025-Jan","2025-01-01","2025-01-31","700.00","0.00","700.00",1,"INV-0004-1","2024-12-19 10:00:00",NULL,"2025-01-01"
5,5,"2025-Jan","2025-01-01","2025-01-31","600.00","0.00","600.00",1,"INV-0005-1","2024-12-20 10:00:00",NULL,"2025-01-01"
6,6,"2025-Jan","2025-01-01","2025-01-31","625.00","0.00","625.00",1,"INV-0006-1","2024-12-21 10:00:00",NULL,"2025-01-01"
7,7,"2025-Jan","2025-01-01","2025-01-31","650.00","0.00","650.00",1,"INV-0007-1","2024-12-22 10:00:00",NULL,"2025-01-01"
8,8,"2025-Jan","2025-01-01","2025-01-31","675.00","0.00","675.00",1,"INV-0008-1","2024-12-23 10:00:00",NULL,"2025-01-01"
9,9,"2025-Jan","2025-01-01","2025-01-31","700.00","0.00","700.00",1,"INV-0009-1","2024-12-24 10:00:00",NULL,"2025-01-01"
10,10,"2025-Jan","2025-01-01","2025-01-31","600.00","0.00","600.00",1,"INV-0010-1","2024-12-25 10:00:00",NULL,"2025-01-01"
11,11,"2025-Jan","2025-01-01","2025-01-31","625.00","0.00","625.00",1,"INV-0011-1","2024-12-26 10:00:00",NULL,"2025-01-01"
12,12,"2025-Jan","2025-01-01","2025-01-31","650.00","0.00","650.00",1,"INV-0012-1","2024-12-27 10:00:00",NULL,"2025-01-01"
13,13,"2025-Jan","2025-01-01","2025-01-31","675.00","0.00","675.00",1,"INV-0013-1","2024-12-28 10:00:00",NULL,"2025-01-01"
14,14,"2025-Jan","2025-01-01","2025-01-31","700.00","0.00","700.00",1,"INV-0014-1","2024-12-29 10:00:00",NULL,"2025-01-01"
15,15,"2025-Jan","2025-01-01","2025-01-31","600.00","0.00","600.00",1,"INV-0015-1","2024-12-30 10:00:00",NULL,"2025-01-01"
16,16,"2025-Jan","2025-01-01","2025-01-31","625.00","0.00","625.00",1,"INV-0016-1","2024-12-31 10:00:00",NULL,"2025-01-01"
17,17,"2025-Jan","2025-01-01","2025-01-31","650.00","0.00","650.00",1,"INV-0017-1","2025-01-01 10:00:00",NULL,"2025-01-01"
18,18,"2025-Jan","2025-01-01","2025-01-31","675.00","0.00","675.00",1,"INV-0018-1","2025-01-02 10:00:00",NULL,"2025-01-01"
19,19,"2025-Jan","2025-01-01","2025-01-31","700.00","0.00","700.00",1,"INV-0019-1","2025-01-03 10:00:00",NULL,"2025-01-01"
20,20,"2025-Jan","2025-01-01","2025-01-31","600.00","0.00","600.00",1,"INV-0020-1","2025-01-04 10:00:00",NULL,"2025-01-01"
21,21,"2025-Jan","2025-01-01","2025-01-31","625.00","0.00","625.00",1,"INV-0021-1","2025-01-05 10:00:00",NULL,"2025-01-01"
22,22,"2025-Jan","2025-01-01","2025-01-31","650.00","0.00","650.00",1,"INV-0022-1","2025-01-06 10:00:00",NULL,"2025-01-01"
23,23,"2025-Jan","2025-01-01","2025-01-31","675.00","0.00","675.00",1,"INV-0023-1","2025-01-07 10:00:00",NULL,"2025-01-01"
24,24,"2025-Jan","2025-01-01","2025-01-31","700.00","0.00","700.00",1,"INV-0024-1","2025-01-08 10:00:00",NULL,"2025-01-01"
25,25,"2025-Jan","2025-01-01","2025-01-31","600.00","0.00","600.00",1,"INV-0025-1","2025-01-09 10:00:00",NULL,"2025-01-01"
26,26,"2025-Jan","2025-01-01","2025-01-31","625.00","0.00","625.00",1,"INV-0026-1","2025-01-10 10:00:00",NULL,"2025-01-01"
27,27,"2025-Jan","2025-01-01","2025-01-31","650.00","0.00","650.00",1,"INV-0027-1","2025-01-11 10:00:00",NULL,"2025-01-01"
28,28,"2025-Jan","2025-01-01","2025-01-31","675.00","0.00","675.00",1,"INV-0028-1","2025-01-12 10:00:00",NULL,"2025-01-01"
29,29,"2025-Jan","2025-01-01","2025-01-31","700.00","0.00","700.00",1,"INV-0029-1","2025-01-13 10:00:00",NULL,"2025-01-01"
30,30,"2025-Jan","2025-01-01","2025-01-31","600.00","0.00","600.00",1,"INV-0030-1","2025-01-14 10:00:00",NULL,"2025-01-01"
31,31,"2025-Jan","2025-01-01","2025-01-31","625.00","0.00","625.00",1,"INV-0031-1","2025-01-15 10:00:00",NULL,"2025-01-01"
32,32,"2025-Jan","2025-01-01","2025-01-31","650.00","0.00","650.00",1,"INV-0032-1","2025-01-16 10:00:00",NULL,"2025-01-01"
33,33,"2025-Jan","2025-01-01","2025-01-31","675.00","0.00","675.00",1,"INV-0033-1","2025-01-17 10:00:00",NULL,"2025-01-01"
34,34,"2025-Jan","2025-01-01","2025-01-31","700.00","0.00","700.00",1,"INV-0034-1","2025-01-18 10:00:00",NULL,"2025-01-01"
35,35,"2025-Jan","2025-01-01","2025-01-31","600.00","0.00","600.00",1,"INV-0035-1","2025-01-19 10:00:00",NULL,"2025-01-01"
36,36,"2025-Jan","2025-01-01","2025-01-31","625.00","0.00","625.00",1,"INV-0036-1","2025-01-20 10:00:00",NULL,"2025-01-01"
37,37,"2025-Jan","2025-01-01","2025-01-31","650.00","0.00","650.00",1,"INV-0037-1","2025-01-21 10:00:00",NULL,"2025-01-01"
38,38,"2025-Jan","2025-01-01","2025-01-31","675.00","0.00","675.00",1,"INV-0038-1","2025-01-22 10:00:00",NULL,"2025-01-01"
39,39,"2025-Jan","2025-01-01","2025-01-31","700.00","0.00","700.00",1,"INV-0039-1","2025-01-23 10:00:00",NULL,"2025-01-01"
40,40,"2025-Jan","2025-01-01","2025-01-31","600.00","0.00","600.00",1,"INV-0040-1","2025-01-24 10:00:00",NULL,"2025-01-01"
41,41,"2025-Jan","2025-01-01","2025-01-31","625.00","0.00","625.00",1,"INV-0041-1","2025-01-25 10:00:00",NULL,"2025-01-01"
42,42,"2025-Jan","2025-01-01","2025-01-31","650.00","0.00","650.00",1,"INV-0042-1","2025-01-26 10:00:00",NULL,"2025-01-01"
43,43,"2025-Jan","2025-01-01","2025-01-31","675.00","0.00","675.00",1,"INV-0043-1","2025-01-27 10:00:00",NULL,"2025-01-01"
44,44,"2025-Jan","2025-01-01","2025-01-31","700.00","0.00","700.00",1,"INV-0044-1","2025-01-28 10:00:00",NULL,"2025-01-01"
45,45,"2025-Jan","2025-01-01","2025-01-31","600.00","0.00","600.00",1,"INV-0045-1","2025-01-29 10:00:00",NULL,"2025-01-01"
46,46,"2025-Jan","2025-01-01","2025-01-31","625.00","0.00","625.00",1,"INV-0046-1","2025-01-30 10:00:00",NULL,"2025-01-01"
47,47,"2025-Jan","2025-01-01","2025-01-31","650.00","0.00","650.00",1,"INV-0047-1","2025-01-31 10:00:00",NULL,"2025-01-01"
48,48,"2025-Jan","2025-01-01","2025-01-31","675.00","0.00","675.00",1,"INV-0048-1","2025-02-01 10:00:00",NULL,"2025-01-01"
49,49,"2025-Jan","2025-01-01","2025-01-31","700.00","0.00","700.00",1,"INV-0049-1","2025-02-02 10:00:00",NULL,"2025-01-01"
50,50,"2025-Jan","2025-01-01","2025-01-31","600.00","0.00","600.00",1,"INV-0050-1","2025-02-03 10:00:00",NULL,"2025-01-01"
51,51,"2025-Jan","2025-01-01","2025-01-31","625.00","0.00","625.00",1,"INV-0051-1","2025-02-04 10:00:00",NULL,"2025-01-01"
52,52,"2025-Jan","2025-01-01","2025-01-31","650.00","0.00","650.00",1,"INV-0052-1","2025-02-05 10:00:00",NULL,"2025-01-01"
53,53,"2025-Jan","2025-01-01","2025-01-31","675.00","0.00","675.00",1,"INV-0053-1","2025-02-06 10:00:00",NULL,"2025-01-01"
54,54,"2025-Jan","2025-01-01","2025-01-31","700.00","0.00","700.00",1,"INV-0054-1","2025-02-07 10:00:00",NULL,"2025-01-01"
55,55,"2025-Jan","2025-01-01","2025-01-31","600.00","0.00","600.00",1,"INV-0055-1","2025-02-08 10:00:00",NULL,"2025-01-01"
56,56,"2025-Jan","2025-01-01","2025-01-31","625.00","0.00","625.00",1,"INV-0056-1","2025-02-09 10:00:00",NULL,"2025-01-01"
57,57,"2025-Jan","2025-01-01","2025-01-31","650.00","0.00","650.00",1,"INV-0057-1","2025-02-10 10:00:00",NULL,"2025-01-01"
58,58,"2025-Jan","2025-01-01","2025-01-31","675.00","0.00","675.00",1,"INV-0058-1","2025-02-11 10:00:00",NULL,"2025-01-01"
59,59,"2025-Jan","2025-01-01","2025-01-31","700.00","0.00","700.00",1,"INV-0059-1","2025-02-12 10:00:00",NULL,"2025-01-01"
60,60,"2025-Jan","2025-01-01","2025-01-31","600.00","0.00","600.00",1,"INV-0060-1","2025-02-13 10:00:00",NULL,"2025-01-01"
61,61,"2025-Jan","2025-01-01","2025-01-31","625.00","0.00","625.00",1,"INV-0061-1","2025-02-14 10:00:00",NULL,"2025-01-01"
62,62,"2025-Jan","2025-01-01","2025-01-31","650.00","0.00","650.00",1,"INV-0062-1","2025-02-15 10:00:00",NULL,"2025-01-01"
63,63,"2025-Jan","2025-01-01","2025-01-31","675.00","0.00","675.00",1,"INV-0063-1","2025-02-16 10:00:00",NULL,"2025-01-01"
64,64,"2025-Jan","2025-01-01","2025-01-31","700.00","0.00","700.00",1,"INV-0064-1","2025-02-17 10:00:00",NULL,"2025-01-01"
65,65,"2025-Jan","2025-01-01","2025-01-31","600.00","0.00","600.00",1,"INV-0065-1","2025-02-18 10:00:00",NULL,"2025-01-01"
66,66,"2025-Jan","2025-01-01","2025-01-31","625.00","0.00","625.00",1,"INV-0066-1","2025-02-19 10:00:00",NULL,"2025-01-01"
67,67,"2025-Jan","2025-01-01","2025-01-31","650.00","0.00","650.00",1,"INV-0067-1","2025-02-20 10:00:00",NULL,"2025-01-01"
68,68,"2025-Jan","2025-01-01","2025-01-31","675.00","0.00","675.00",1,"INV-0068-1","2025-02-21 10:00:00",NULL,"2025-01-01"
69,69,"2025-Jan","2025-01-01","2025-01-31","700.00","0.00","700.00",1,"INV-0069-1","2025-02-22 10:00:00",NULL,"2025-01-01"
70,70,"2025-Jan","2025-01-01","2025-01-31","600.00","0.00","600.00",1,"INV-0070-1","2025-02-23 10:00:00",NULL,"2025-01-01"
71,71,"2025-Jan","2025-01-01","2025-01-31","625.00","0.00","625.00",1,"INV-0071-1","2025-02-24 10:00:00",NULL,"2025-01-01"
72,72,"2025-Jan","2025-01-01","2025-01-31","650.00","0.00","650.00",1,"INV-0072-1","2025-02-25 10:00:00",NULL,"2025-01-01"
73,73,"2025-Jan","2025-01-01","2025-01-31","675.00","0.00","675.00",1,"INV-0073-1","2025-02-26 10:00:00",NULL,"2025-01-01"
74,74,"2025-Jan","2025-01-01","2025-01-31","700.00","0.00","700.00",1,"INV-0074-1","2025-02-27 10:00:00",NULL,"2025-01-01"
75,75,"2025-Jan","2025-01-01","2025-01-31","600.00","0.00","600.00",1,"INV-0075-1","2025-02-28 10:00:00",NULL,"2025-01-01"
76,76,"2025-Jan","2025-01-01","2025-01-31","625.00","0.00","625.00",1,"INV-0076-1","2025-03-01 10:00:00",NULL,"2025-01-01"
77,77,"2025-Jan","2025-01-01","2025-01-31","650.00","0.00","650.00",1,"INV-0077-1","2025-03-02 10:00:00",NULL,"2025-01-01"
78,78,"2025-Jan","2025-01-01","2025-01-31","675.00","0.00","675.00",1,"INV-0078-1","2025-03-03 10:00:00",NULL,"2025-01-01"
79,79,"2025-Jan","2025-01-01","2025-01-31","700.00","0.00","700.00",1,"INV-0079-1","2025-03-04 10:00:00",NULL,"2025-01-01"
80,80,"2025-Jan","2025-01-01","2025-01-31","600.00","0.00","600.00",1,"INV-0080-1","2025-03-05 10:00:00",NULL,"2025-01-01"
81,81,"2025-Jan","2025-01-01","2025-01-31","625.00","0.00","625.00",1,"INV-0081-1","2025-03-06 10:00:00",NULL,"2025-01-01"
82,82,"2025-Jan","2025-01-01","2025-01-31","650.00","0.00","650.00",1,"INV-0082-1","2025-03-07 10:00:00",NULL,"2025-01-01"
83,83,"2025-Jan","2025-01-01","2025-01-31","675.00","0.00","675.00",1,"INV-0083-1","2025-03-08 10:00:00",NULL,"2025-01-01"
84,84,"2025-Jan","2025-01-01","2025-01-31","700.00","0.00","700.00",1,"INV-0084-1","2025-03-09 10:00:00",NULL,"2025-01-01"
85,85,"2025-Jan","2025-01-01","2025-01-31","600.00","0.00","600.00",1,"INV-0085-1","2025-03-10 10:00:00",NULL,"2025-01-01"
86,86,"2025-Jan","2025-01-01","2025-01-31","625.00","0.00","625.00",1,"INV-0086-1","2025-03-11 10:00:00",NULL,"2025-01-01"
87,87,"2025-Jan","2025-01-01","2025-01-31","650.00","0.00","650.00",1,"INV-0087-1","2025-03-12 10:00:00",NULL,"2025-01-01"
88,88,"2025-Jan","2025-01-01","2025-01-31","675.00","0.00","675.00",1,"INV-0088-1","2025-03-13 10:00:00",NULL,"2025-01-01"
89,89,"2025-Jan","2025-01-01","2025-01-31","700.00","0.00","700.00",1,"INV-0089-1","2025-03-14 10:00:00",NULL,"2025-01-01"
90,90,"2025-Jan","2025-01-01","2025-01-31","600.00","0.00","600.00",1,"INV-0090-1","2025-03-15 10:00:00",NULL,"2025-01-01"
91,91,"2025-Jan","2025-01-01","2025-01-31","625.00","0.00","625.00",1,"INV-0091-1","2025-03-16 10:00:00",NULL,"2025-01-01"
92,92,"2025-Jan","2025-01-01","2025-01-31","650.00","0.00","650.00",1,"INV-0092-1","2025-03-17 10:00:00",NULL,"2025-01-01"
93,93,"2025-Jan","2025-01-01","2025-01-31","675.00","0.00","675.00",1,"INV-0093-1","2025-03-18 10:00:00",NULL,"2025-01-01"
94,94,"2025-Jan","2025-01-01","2025-01-31","700.00","0.00","700.00",1,"INV-0094-1","2025-03-19 10:00:00",NULL,"2025-01-01"
95,95,"2025-Jan","2025-01-01","2025-01-31","600.00","0.00","600.00",1,"INV-0095-1","2025-03-20 10:00:00",NULL,"2025-01-01"
96,96,"2025-Jan","2025-01-01","2025-01-31","625.00","0.00","625.00",1,"INV-0096-1","2025-03-21 10:00:00",NULL,"2025-01-01"
97,97,"2025-Jan","2025-01-01","2025-01-31","650.00","0.00","650.00",1,"INV-0097-1","2025-03-22 10:00:00",NULL,"2025-01-01"
98,98,"2025-Jan","2025-01-01","2025-01-31","675.00","0.00","675.00",1,"INV-0098-1","2025-03-23 10:00:00",NULL,"2025-01-01"
99,99,"2025-Jan","2025-01-01","2025-01-31","700.00","0.00","700.00",1,"INV-0099-1","2025-03-24 10:00:00",NULL,"2025-01-01"
100,100,"2025-Jan","2025-01-01","2025-01-31","600.00","0.00","600.00",1,"INV-0100-1","2025-03-25 10:00:00",NULL,"2025-01-01"
101,101,"2025-Jan","2025-01-01","2025-01-31","625.00","0.00","625.00",1,"INV-0101-1","2025-03-26 10:00:00",NULL,"2025-01-01"
102,102,"2025-Jan","2025-01-01","2025-01-31","650.00","0.00","650.00",1,"INV-0102-1","2025-03-27 10:00:00",NULL,"2025-01-01"
103,103,"2025-Jan","2025-01-01","2025-01-31","675.00","0.00","675.00",1,"INV-0103-1","2025-03-28 10:00:00",NULL,"2025-01-01"
104,104,"2025-Jan","2025-01-01","2025-01-31","700.00","0.00","700.00",1,"INV-0104-1","2025-03-29 10:00:00",NULL,"2025-01-01"
105,105,"2025-Jan","2025-01-01","2025-01-31","600.00","0.00","600.00",1,"INV-0105-1","2025-03-30 10:00:00",NULL,"2025-01-01"
106,106,"2025-Jan","2025-01-01","2025-01-31","625.00","0.00","625.00",1,"INV-0106-1","2025-03-31 10:00:00",NULL,"2025-01-01"
107,107,"2025-Jan","2025-01-01","2025-01-31","650.00","0.00","650.00",1,"INV-0107-1","2025-04-01 10:00:00",NULL,"2025-01-01"
108,108,"2025-Jan","2025-01-01","2025-01-31","675.00","0.00","675.00",1,"INV-0108-1","2025-04-02 10:00:00",NULL,"2025-01-01"
109,109,"2025-Jan","2025-01-01","2025-01-31","700.00","0.00","700.00",1,"INV-0109-1","2025-04-03 10:00:00",NULL,"2025-01-01"
110,110,"2025-Jan","2025-01-01","2025-01-31","600.00","0.00","600.00",1,"INV-0110-1","2025-04-04 10:00:00",NULL,"2025-01-01"
111,111,"2025-Jan","2025-01-01","2025-01-31","625.00","0.00","625.00",1,"INV-0111-1","2025-04-05 10:00:00",NULL,"2025-01-01"
112,112,"2025-Jan","2025-01-01","2025-01-31","650.00","0.00","650.00",1,"INV-0112-1","2025-04-06 10:00:00",NULL,"2025-01-01"
113,113,"2025-Jan","2025-01-01","2025-01-31","675.00","0.00","675.00",1,"INV-0113-1","2025-04-07 10:00:00",NULL,"2025-01-01"
114,114,"2025-Jan","2025-01-01","2025-01-31","700.00","0.00","700.00",1,"INV-0114-1","2025-04-08 10:00:00",NULL,"2025-01-01"
115,115,"2025-Jan","2025-01-01","2025-01-31","600.00","0.00","600.00",1,"INV-0115-1","2025-04-09 10:00:00",NULL,"2025-01-01"
116,116,"2025-Jan","2025-01-01","2025-01-31","625.00","0.00","625.00",1,"INV-0116-1","2025-04-10 10:00:00",NULL,"2025-01-01"
117,117,"2025-Jan","2025-01-01","2025-01-31","650.00","0.00","650.00",1,"INV-0117-1","2025-04-11 10:00:00",NULL,"2025-01-01"
118,118,"2025-Jan","2025-01-01","2025-01-31","675.00","0.00","675.00",1,"INV-0118-1","2025-04-12 10:00:00",NULL,"2025-01-01"
119,119,"2025-Jan","2025-01-01","2025-01-31","700.00","0.00","700.00",1,"INV-0119-1","2025-04-13 10:00:00",NULL,"2025-01-01"
120,120,"2025-Jan","2025-01-01","2025-01-31","600.00","0.00","600.00",1,"INV-0120-1","2025-04-14 10:00:00",NULL,"2025-01-01"
121,121,"2025-Jan","2025-01-01","2025-01-31","625.00","0.00","625.00",1,"INV-0121-1","2025-04-15 10:00:00",NULL,"2025-01-01"
122,122,"2025-Jan","2025-01-01","2025-01-31","650.00","0.00","650.00",1,"INV-0122-1","2025-04-16 10:00:00",NULL,"2025-01-01"
123,123,"2025-Jan","2025-01-01","2025-01-31","675.00","0.00","675.00",1,"INV-0123-1","2025-04-17 10:00:00",NULL,"2025-01-01"
124,124,"2025-Jan","2025-01-01","2025-01-31","700.00","0.00","700.00",1,"INV-0124-1","2025-04-18 10:00:00",NULL,"2025-01-01"
125,125,"2025-Jan","2025-01-01","2025-01-31","600.00","0.00","600.00",1,"INV-0125-1","2025-04-19 10:00:00",NULL,"2025-01-01"
126,126,"2025-Jan","2025-01-01","2025-01-31","625.00","0.00","625.00",1,"INV-0126-1","2025-04-20 10:00:00",NULL,"2025-01-01"
127,127,"2025-Jan","2025-01-01","2025-01-31","650.00","0.00","650.00",1,"INV-0127-1","2025-04-21 10:00:00",NULL,"2025-01-01"
128,128,"2025-Jan","2025-01-01","2025-01-31","675.00","0.00","675.00",1,"INV-0128-1","2025-04-22 10:00:00",NULL,"2025-01-01"
129,129,"2025-Jan","2025-01-01","2025-01-31","700.00","0.00","700.00",1,"INV-0129-1","2025-04-23 10:00:00",NULL,"2025-01-01"
130,130,"2025-Jan","2025-01-01","2025-01-31","600.00","0.00","600.00",1,"INV-0130-1","2025-04-24 10:00:00",NULL,"2025-01-01"
131,131,"2025-Jan","2025-01-01","2025-01-31","625.00","0.00","625.00",1,"INV-0131-1","2025-04-25 10:00:00",NULL,"2025-01-01"
132,132,"2025-Jan","2025-01-01","2025-01-31","650.00","0.00","650.00",1,"INV-0132-1","2025-04-26 10:00:00",NULL,"2025-01-01"
133,133,"2025-Jan","2025-01-01","2025-01-31","675.00","0.00","675.00",1,"INV-0133-1","2025-04-27 10:00:00",NULL,"2025-01-01"
134,134,"2025-Jan","2025-01-01","2025-01-31","700.00","0.00","700.00",1,"INV-0134-1","2025-04-28 10:00:00",NULL,"2025-01-01"
135,135,"2025-Jan","2025-01-01","2025-01-31","600.00","0.00","600.00",1,"INV-0135-1","2025-04-29 10:00:00",NULL,"2025-01-01"
136,136,"2025-Jan","2025-01-01","2025-01-31","625.00","0.00","625.00",1,"INV-0136-1","2025-04-30 10:00:00",NULL,"2025-01-01"
137,137,"2025-Jan","2025-01-01","2025-01-31","650.00","0.00","650.00",1,"INV-0137-1","2025-05-01 10:00:00",NULL,"2025-01-01"
138,138,"2025-Jan","2025-01-01","2025-01-31","675.00","0.00","675.00",1,"INV-0138-1","2025-05-02 10:00:00",NULL,"2025-01-01"
139,139,"2025-Jan","2025-01-01","2025-01-31","700.00","0.00","700.00",1,"INV-0139-1","2025-05-03 10:00:00",NULL,"2025-01-01"
140,140,"2025-Jan","2025-01-01","2025-01-31","600.00","0.00","600.00",1,"INV-0140-1","2025-05-04 10:00:00",NULL,"2025-01-01"
141,141,"2025-Jan","2025-01-01","2025-01-31","625.00","0.00","625.00",1,"INV-0141-1","2025-05-05 10:00:00",NULL,"2025-01-01"
142,142,"2025-Jan","2025-01-01","2025-01-31","650.00","0.00","650.00",1,"INV-0142-1","2025-05-06 10:00:00",NULL,"2025-01-01"
143,143,"2025-Jan","2025-01-01","2025-01-31","675.00","0.00","675.00",1,"INV-0143-1","2025-05-07 10:00:00",NULL,"2025-01-01"
144,144,"2025-Jan","2025-01-01","2025-01-31","700.00","0.00","700.00",1,"INV-0144-1","2025-05-08 10:00:00",NULL,"2025-01-01"
145,145,"2025-Jan","2025-01-01","2025-01-31","600.00","0.00","600.00",1,"INV-0145-1","2025-05-09 10:00:00",NULL,"2025-01-01"
146,146,"2025-Jan","2025-01-01","2025-01-31","625.00","0.00","625.00",1,"INV-0146-1","2025-05-10 10:00:00",NULL,"2025-01-01"
147,147,"2025-Jan","2025-01-01","2025-01-31","650.00","0.00","650.00",1,"INV-0147-1","2025-05-11 10:00:00",NULL,"2025-01-01"
148,148,"2025-Jan","2025-01-01","2025-01-31","675.00","0.00","675.00",1,"INV-0148-1","2025-05-12 10:00:00",NULL,"2025-01-01"
149,149,"2025-Jan","2025-01-01","2025-01-31","700.00","0.00","700.00",1,"INV-0149-1","2025-05-13 10:00:00",NULL,"2025-01-01"
150,150,"2025-Jan","2025-01-01","2025-01-31","600.00","0.00","600.00",1,"INV-0150-1","2025-05-14 10:00:00",NULL,"2025-01-01"
151,151,"2025-Jan","2025-01-01","2025-01-31","625.00","0.00","625.00",1,"INV-0151-1","2025-05-15 10:00:00",NULL,"2025-01-01"
152,152,"2025-Jan","2025-01-01","2025-01-31","650.00","0.00","650.00",1,"INV-0152-1","2025-05-16 10:00:00",NULL,"2025-01-01"
153,153,"2025-Jan","2025-01-01","2025-01-31","675.00","0.00","675.00",1,"INV-0153-1","2025-05-17 10:00:00",NULL,"2025-01-01"
154,154,"2025-Jan","2025-01-01","2025-01-31","700.00","0.00","700.00",1,"INV-0154-1","2025-05-18 10:00:00",NULL,"2025-01-01"
155,155,"2025-Jan","2025-01-01","2025-01-31","600.00","0.00","600.00",1,"INV-0155-1","2025-05-19 10:00:00",NULL,"2025-01-01"
156,156,"2025-Jan","2025-01-01","2025-01-31","625.00","0.00","625.00",1,"INV-0156-1","2025-05-20 10:00:00",NULL,"2025-01-01"
157,157,"2025-Jan","2025-01-01","2025-01-31","650.00","0.00","650.00",1,"INV-0157-1","2025-05-21 10:00:00",NULL,"2025-01-01"
158,158,"2025-Jan","2025-01-01","2025-01-31","675.00","0.00","675.00",1,"INV-0158-1","2025-05-22 10:00:00",NULL,"2025-01-01"
159,159,"2025-Jan","2025-01-01","2025-01-31","700.00","0.00","700.00",1,"INV-0159-1","2025-05-23 10:00:00",NULL,"2025-01-01"
160,160,"2025-Jan","2025-01-01","2025-01-31","600.00","0.00","600.00",1,"INV-0160-1","2025-05-24 10:00:00",NULL,"2025-01-01"
161,1,"2025-Feb","2025-02-01","2025-02-28","625.00","0.00","625.00",1,"INV-0001-2","2024-12-16 10:00:00",NULL,"2025-02-01"
162,2,"2025-Feb","2025-02-01","2025-02-28","650.00","0.00","650.00",1,"INV-0002-2","2024-12-17 10:00:00",NULL,"2025-02-01"
163,3,"2025-Feb","2025-02-01","2025-02-28","675.00","0.00","675.00",1,"INV-0003-2","2024-12-18 10:00:00",NULL,"2025-02-01"
164,4,"2025-Feb","2025-02-01","2025-02-28","700.00","0.00","700.00",1,"INV-0004-2","2024-12-19 10:00:00",NULL,"2025-02-01"
165,5,"2025-Feb","2025-02-01","2025-02-28","600.00","0.00","600.00",1,"INV-0005-2","2024-12-20 10:00:00",NULL,"2025-02-01"
166,6,"2025-Feb","2025-02-01","2025-02-28","625.00","0.00","625.00",1,"INV-0006-2","2024-12-21 10:00:00",NULL,"2025-02-01"
167,7,"2025-Feb","2025-02-01","2025-02-28","650.00","0.00","650.00",1,"INV-0007-2","2024-12-22 10:00:00",NULL,"2025-02-01"
168,8,"2025-Feb","2025-02-01","2025-02-28","675.00","0.00","675.00",1,"INV-0008-2","2024-12-23 10:00:00",NULL,"2025-02-01"
169,9,"2025-Feb","2025-02-01","2025-02-28","700.00","0.00","700.00",1,"INV-0009-2","2024-12-24 10:00:00",NULL,"2025-02-01"
170,10,"2025-Feb","2025-02-01","2025-02-28","600.00","0.00","600.00",1,"INV-0010-2","2024-12-25 10:00:00",NULL,"2025-02-01"
171,11,"2025-Feb","2025-02-01","2025-02-28","625.00","0.00","625.00",1,"INV-0011-2","2024-12-26 10:00:00",NULL,"2025-02-01"
172,12,"2025-Feb","2025-02-01","2025-02-28","650.00","0.00","650.00",1,"INV-0012-2","2024-12-27 10:00:00",NULL,"2025-02-01"
173,13,"2025-Feb","2025-02-01","2025-02-28","675.00","0.00","675.00",1,"INV-0013-2","2024-12-28 10:00:00",NULL,"2025-02-01"
174,14,"2025-Feb","2025-02-01","2025-02-28","700.00","0.00","700.00",1,"INV-0014-2","2024-12-29 10:00:00",NULL,"2025-02-01"
175,15,"2025-Feb","2025-02-01","2025-02-28","600.00","0.00","600.00",1,"INV-0015-2","2024-12-30 10:00:00",NULL,"2025-02-01"
176,16,"2025-Feb","2025-02-01","2025-02-28","625.00","0.00","625.00",1,"INV-0016-2","2024-12-31 10:00:00",NULL,"2025-02-01"
177,17,"2025-Feb","2025-02-01","2025-02-28","650.00","0.00","650.00",1,"INV-0017-2","2025-01-01 10:00:00",NULL,"2025-02-01"
178,18,"2025-Feb","2025-02-01","2025-02-28","675.00","0.00","675.00",1,"INV-0018-2","2025-01-02 10:00:00",NULL,"2025-02-01"
179,19,"2025-Feb","2025-02-01","2025-02-28","700.00","0.00","700.00",1,"INV-0019-2","2025-01-03 10:00:00",NULL,"2025-02-01"
180,20,"2025-Feb","2025-02-01","2025-02-28","600.00","0.00","600.00",1,"INV-0020-2","2025-01-04 10:00:00",NULL,"2025-02-01"
181,21,"2025-Feb","2025-02-01","2025-02-28","625.00","0.00","625.00",1,"INV-0021-2","2025-01-05 10:00:00",NULL,"2025-02-01"
182,22,"2025-Feb","2025-02-01","2025-02-28","650.00","0.00","650.00",1,"INV-0022-2","2025-01-06 10:00:00",NULL,"2025-02-01"
183,23,"2025-Feb","2025-02-01","2025-02-28","675.00","0.00","675.00",1,"INV-0023-2","2025-01-07 10:00:00",NULL,"2025-02-01"
184,24,"2025-Feb","2025-02-01","2025-02-28","700.00","0.00","700.00",1,"INV-0024-2","2025-01-08 10:00:00",NULL,"2025-02-01"
185,25,"2025-Feb","2025-02-01","2025-02-28","600.00","0.00","600.00",1,"INV-0025-2","2025-01-09 10:00:00",NULL,"2025-02-01"
186,26,"2025-Feb","2025-02-01","2025-02-28","625.00","0.00","625.00",1,"INV-0026-2","2025-01-10 10:00:00",NULL,"2025-02-01"
187,27,"2025-Feb","2025-02-01","2025-02-28","650.00","0.00","650.00",1,"INV-0027-2","2025-01-11 10:00:00",NULL,"2025-02-01"
188,28,"2025-Feb","2025-02-01","2025-02-28","675.00","0.00","675.00",1,"INV-0028-2","2025-01-12 10:00:00",NULL,"2025-02-01"
189,29,"2025-Feb","2025-02-01","2025-02-28","700.00","0.00","700.00",1,"INV-0029-2","2025-01-13 10:00:00",NULL,"2025-02-01"
190,30,"2025-Feb","2025-02-01","2025-02-28","600.00","0.00","600.00",1,"INV-0030-2","2025-01-14 10:00:00",NULL,"2025-02-01"
191,31,"2025-Feb","2025-02-01","2025-02-28","625.00","0.00","625.00",1,"INV-0031-2","2025-01-15 10:00:00",NULL,"2025-02-01"
192,32,"2025-Feb","2025-02-01","2025-02-28","650.00","0.00","650.00",1,"INV-0032-2","2025-01-16 10:00:00",NULL,"2025-02-01"
193,33,"2025-Feb","2025-02-01","2025-02-28","675.00","0.00","675.00",1,"INV-0033-2","2025-01-17 10:00:00",NULL,"2025-02-01"
194,34,"2025-Feb","2025-02-01","2025-02-28","700.00","0.00","700.00",1,"INV-0034-2","2025-01-18 10:00:00",NULL,"2025-02-01"
195,35,"2025-Feb","2025-02-01","2025-02-28","600.00","0.00","600.00",1,"INV-0035-2","2025-01-19 10:00:00",NULL,"2025-02-01"
196,36,"2025-Feb","2025-02-01","2025-02-28","625.00","0.00","625.00",1,"INV-0036-2","2025-01-20 10:00:00",NULL,"2025-02-01"
197,37,"2025-Feb","2025-02-01","2025-02-28","650.00","0.00","650.00",1,"INV-0037-2","2025-01-21 10:00:00",NULL,"2025-02-01"
198,38,"2025-Feb","2025-02-01","2025-02-28","675.00","0.00","675.00",1,"INV-0038-2","2025-01-22 10:00:00",NULL,"2025-02-01"
199,39,"2025-Feb","2025-02-01","2025-02-28","700.00","0.00","700.00",1,"INV-0039-2","2025-01-23 10:00:00",NULL,"2025-02-01"
200,40,"2025-Feb","2025-02-01","2025-02-28","600.00","0.00","600.00",1,"INV-0040-2","2025-01-24 10:00:00",NULL,"2025-02-01"
201,41,"2025-Feb","2025-02-01","2025-02-28","625.00","0.00","625.00",1,"INV-0041-2","2025-01-25 10:00:00",NULL,"2025-02-01"
202,42,"2025-Feb","2025-02-01","2025-02-28","650.00","0.00","650.00",1,"INV-0042-2","2025-01-26 10:00:00",NULL,"2025-02-01"
203,43,"2025-Feb","2025-02-01","2025-02-28","675.00","0.00","675.00",1,"INV-0043-2","2025-01-27 10:00:00",NULL,"2025-02-01"
204,44,"2025-Feb","2025-02-01","2025-02-28","700.00","0.00","700.00",1,"INV-0044-2","2025-01-28 10:00:00",NULL,"2025-02-01"
205,45,"2025-Feb","2025-02-01","2025-02-28","600.00","0.00","600.00",1,"INV-0045-2","2025-01-29 10:00:00",NULL,"2025-02-01"
206,46,"2025-Feb","2025-02-01","2025-02-28","625.00","0.00","625.00",1,"INV-0046-2","2025-01-30 10:00:00",NULL,"2025-02-01"
207,47,"2025-Feb","2025-02-01","2025-02-28","650.00","0.00","650.00",1,"INV-0047-2","2025-01-31 10:00:00",NULL,"2025-02-01"
208,48,"2025-Feb","2025-02-01","2025-02-28","675.00","0.00","675.00",1,"INV-0048-2","2025-02-01 10:00:00",NULL,"2025-02-01"
209,49,"2025-Feb","2025-02-01","2025-02-28","700.00","0.00","700.00",1,"INV-0049-2","2025-02-02 10:00:00",NULL,"2025-02-01"
210,50,"2025-Feb","2025-02-01","2025-02-28","600.00","0.00","600.00",1,"INV-0050-2","2025-02-03 10:00:00",NULL,"2025-02-01"
211,51,"2025-Feb","2025-02-01","2025-02-28","625.00","0.00","625.00",1,"INV-0051-2","2025-02-04 10:00:00",NULL,"2025-02-01"
212,52,"2025-Feb","2025-02-01","2025-02-28","650.00","0.00","650.00",1,"INV-0052-2","2025-02-05 10:00:00",NULL,"2025-02-01"
213,53,"2025-Feb","2025-02-01","2025-02-28","675.00","0.00","675.00",1,"INV-0053-2","2025-02-06 10:00:00",NULL,"2025-02-01"
214,54,"2025-Feb","2025-02-01","2025-02-28","700.00","0.00","700.00",1,"INV-0054-2","2025-02-07 10:00:00",NULL,"2025-02-01"
215,55,"2025-Feb","2025-02-01","2025-02-28","600.00","0.00","600.00",1,"INV-0055-2","2025-02-08 10:00:00",NULL,"2025-02-01"
216,56,"2025-Feb","2025-02-01","2025-02-28","625.00","0.00","625.00",1,"INV-0056-2","2025-02-09 10:00:00",NULL,"2025-02-01"
217,57,"2025-Feb","2025-02-01","2025-02-28","650.00","0.00","650.00",1,"INV-0057-2","2025-02-10 10:00:00",NULL,"2025-02-01"
218,58,"2025-Feb","2025-02-01","2025-02-28","675.00","0.00","675.00",1,"INV-0058-2","2025-02-11 10:00:00",NULL,"2025-02-01"
219,59,"2025-Feb","2025-02-01","2025-02-28","700.00","0.00","700.00",1,"INV-0059-2","2025-02-12 10:00:00",NULL,"2025-02-01"
220,60,"2025-Feb","2025-02-01","2025-02-28","600.00","0.00","600.00",1,"INV-0060-2","2025-02-13 10:00:00",NULL,"2025-02-01"
221,61,"2025-Feb","2025-02-01","2025-02-28","625.00","0.00","625.00",1,"INV-0061-2","2025-02-14 10:00:00",NULL,"2025-02-01"
222,62,"2025-Feb","2025-02-01","2025-02-28","650.00","0.00","650.00",1,"INV-0062-2","2025-02-15 10:00:00",NULL,"2025-02-01"
223,63,"2025-Feb","2025-02-01","2025-02-28","675.00","0.00","675.00",1,"INV-0063-2","2025-02-16 10:00:00",NULL,"2025-02-01"
224,64,"2025-Feb","2025-02-01","2025-02-28","700.00","0.00","700.00",1,"INV-0064-2","2025-02-17 10:00:00",NULL,"2025-02-01"
225,65,"2025-Feb","2025-02-01","2025-02-28","600.00","0.00","600.00",1,"INV-0065-2","2025-02-18 10:00:00",NULL,"2025-02-01"
226,66,"2025-Feb","2025-02-01","2025-02-28","625.00","0.00","625.00",1,"INV-0066-2","2025-02-19 10:00:00",NULL,"2025-02-01"
227,67,"2025-Feb","2025-02-01","2025-02-28","650.00","0.00","650.00",1,"INV-0067-2","2025-02-20 10:00:00",NULL,"2025-02-01"
228,68,"2025-Feb","2025-02-01","2025-02-28","675.00","0.00","675.00",1,"INV-0068-2","2025-02-21 10:00:00",NULL,"2025-02-01"
229,69,"2025-Feb","2025-02-01","2025-02-28","700.00","0.00","700.00",1,"INV-0069-2","2025-02-22 10:00:00",NULL,"2025-02-01"
230,70,"2025-Feb","2025-02-01","2025-02-28","600.00","0.00","600.00",1,"INV-0070-2","2025-02-23 10:00:00",NULL,"2025-02-01"
231,71,"2025-Feb","2025-02-01","2025-02-28","625.00","0.00","625.00",1,"INV-0071-2","2025-02-24 10:00:00",NULL,"2025-02-01"
232,72,"2025-Feb","2025-02-01","2025-02-28","650.00","0.00","650.00",1,"INV-0072-2","2025-02-25 10:00:00",NULL,"2025-02-01"
233,73,"2025-Feb","2025-02-01","2025-02-28","675.00","0.00","675.00",1,"INV-0073-2","2025-02-26 10:00:00",NULL,"2025-02-01"
234,74,"2025-Feb","2025-02-01","2025-02-28","700.00","0.00","700.00",1,"INV-0074-2","2025-02-27 10:00:00",NULL,"2025-02-01"
235,75,"2025-Feb","2025-02-01","2025-02-28","600.00","0.00","600.00",1,"INV-0075-2","2025-02-28 10:00:00",NULL,"2025-02-01"
236,76,"2025-Feb","2025-02-01","2025-02-28","625.00","0.00","625.00",1,"INV-0076-2","2025-03-01 10:00:00",NULL,"2025-02-01"
237,77,"2025-Feb","2025-02-01","2025-02-28","650.00","0.00","650.00",1,"INV-0077-2","2025-03-02 10:00:00",NULL,"2025-02-01"
238,78,"2025-Feb","2025-02-01","2025-02-28","675.00","0.00","675.00",1,"INV-0078-2","2025-03-03 10:00:00",NULL,"2025-02-01"
239,79,"2025-Feb","2025-02-01","2025-02-28","700.00","0.00","700.00",1,"INV-0079-2","2025-03-04 10:00:00",NULL,"2025-02-01"
240,80,"2025-Feb","2025-02-01","2025-02-28","600.00","0.00","600.00",1,"INV-0080-2","2025-03-05 10:00:00",NULL,"2025-02-01"
241,81,"2025-Feb","2025-02-01","2025-02-28","625.00","0.00","625.00",1,"INV-0081-2","2025-03-06 10:00:00",NULL,"2025-02-01"
242,82,"2025-Feb","2025-02-01","2025-02-28","650.00","0.00","650.00",1,"INV-0082-2","2025-03-07 10:00:00",NULL,"2025-02-01"
243,83,"2025-Feb","2025-02-01","2025-02-28","675.00","0.00","675.00",1,"INV-0083-2","2025-03-08 10:00:00",NULL,"2025-02-01"
244,84,"2025-Feb","2025-02-01","2025-02-28","700.00","0.00","700.00",1,"INV-0084-2","2025-03-09 10:00:00",NULL,"2025-02-01"
245,85,"2025-Feb","2025-02-01","2025-02-28","600.00","0.00","600.00",1,"INV-0085-2","2025-03-10 10:00:00",NULL,"2025-02-01"
246,86,"2025-Feb","2025-02-01","2025-02-28","625.00","0.00","625.00",1,"INV-0086-2","2025-03-11 10:00:00",NULL,"2025-02-01"
247,87,"2025-Feb","2025-02-01","2025-02-28","650.00","0.00","650.00",1,"INV-0087-2","2025-03-12 10:00:00",NULL,"2025-02-01"
248,88,"2025-Feb","2025-02-01","2025-02-28","675.00","0.00","675.00",1,"INV-0088-2","2025-03-13 10:00:00",NULL,"2025-02-01"
249,89,"2025-Feb","2025-02-01","2025-02-28","700.00","0.00","700.00",1,"INV-0089-2","2025-03-14 10:00:00",NULL,"2025-02-01"
250,90,"2025-Feb","2025-02-01","2025-02-28","600.00","0.00","600.00",1,"INV-0090-2","2025-03-15 10:00:00",NULL,"2025-02-01"
251,91,"2025-Feb","2025-02-01","2025-02-28","625.00","0.00","625.00",1,"INV-0091-2","2025-03-16 10:00:00",NULL,"2025-02-01"
252,92,"2025-Feb","2025-02-01","2025-02-28","650.00","0.00","650.00",1,"INV-0092-2","2025-03-17 10:00:00",NULL,"2025-02-01"
253,93,"2025-Feb","2025-02-01","2025-02-28","675.00","0.00","675.00",1,"INV-0093-2","2025-03-18 10:00:00",NULL,"2025-02-01"
254,94,"2025-Feb","2025-02-01","2025-02-28","700.00","0.00","700.00",1,"INV-0094-2","2025-03-19 10:00:00",NULL,"2025-02-01"
255,95,"2025-Feb","2025-02-01","2025-02-28","600.00","0.00","600.00",1,"INV-0095-2","2025-03-20 10:00:00",NULL,"2025-02-01"
256,96,"2025-Feb","2025-02-01","2025-02-28","625.00","0.00","625.00",1,"INV-0096-2","2025-03-21 10:00:00",NULL,"2025-02-01"
257,97,"2025-Feb","2025-02-01","2025-02-28","650.00","0.00","650.00",1,"INV-0097-2","2025-03-22 10:00:00",NULL,"2025-02-01"
258,98,"2025-Feb","2025-02-01","2025-02-28","675.00","0.00","675.00",1,"INV-0098-2","2025-03-23 10:00:00",NULL,"2025-02-01"
259,99,"2025-Feb","2025-02-01","2025-02-28","700.00","0.00","700.00",1,"INV-0099-2","2025-03-24 10:00:00",NULL,"2025-02-01"
260,100,"2025-Feb","2025-02-01","2025-02-28","600.00","0.00","600.00",1,"INV-0100-2","2025-03-25 10:00:00",NULL,"2025-02-01"
261,101,"2025-Feb","2025-02-01","2025-02-28","625.00","0.00","625.00",1,"INV-0101-2","2025-03-26 10:00:00",NULL,"2025-02-01"
262,102,"2025-Feb","2025-02-01","2025-02-28","650.00","0.00","650.00",1,"INV-0102-2","2025-03-27 10:00:00",NULL,"2025-02-01"
263,103,"2025-Feb","2025-02-01","2025-02-28","675.00","0.00","675.00",1,"INV-0103-2","2025-03-28 10:00:00",NULL,"2025-02-01"
264,104,"2025-Feb","2025-02-01","2025-02-28","700.00","0.00","700.00",1,"INV-0104-2","2025-03-29 10:00:00",NULL,"2025-02-01"
265,105,"2025-Feb","2025-02-01","2025-02-28","600.00","0.00","600.00",1,"INV-0105-2","2025-03-30 10:00:00",NULL,"2025-02-01"
266,106,"2025-Feb","2025-02-01","2025-02-28","625.00","0.00","625.00",1,"INV-0106-2","2025-03-31 10:00:00",NULL,"2025-02-01"
267,107,"2025-Feb","2025-02-01","2025-02-28","650.00","0.00","650.00",1,"INV-0107-2","2025-04-01 10:00:00",NULL,"2025-02-01"
268,108,"2025-Feb","2025-02-01","2025-02-28","675.00","0.00","675.00",1,"INV-0108-2","2025-04-02 10:00:00",NULL,"2025-02-01"
269,109,"2025-Feb","2025-02-01","2025-02-28","700.00","0.00","700.00",1,"INV-0109-2","2025-04-03 10:00:00",NULL,"2025-02-01"
270,110,"2025-Feb","2025-02-01","2025-02-28","600.00","0.00","600.00",1,"INV-0110-2","2025-04-04 10:00:00",NULL,"2025-02-01"
271,111,"2025-Feb","2025-02-01","2025-02-28","625.00","0.00","625.00",1,"INV-0111-2","2025-04-05 10:00:00",NULL,"2025-02-01"
272,112,"2025-Feb","2025-02-01","2025-02-28","650.00","0.00","650.00",1,"INV-0112-2","2025-04-06 10:00:00",NULL,"2025-02-01"
273,113,"2025-Feb","2025-02-01","2025-02-28","675.00","0.00","675.00",1,"INV-0113-2","2025-04-07 10:00:00",NULL,"2025-02-01"
274,114,"2025-Feb","2025-02-01","2025-02-28","700.00","0.00","700.00",1,"INV-0114-2","2025-04-08 10:00:00",NULL,"2025-02-01"
275,115,"2025-Feb","2025-02-01","2025-02-28","600.00","0.00","600.00",1,"INV-0115-2","2025-04-09 10:00:00",NULL,"2025-02-01"
276,116,"2025-Feb","2025-02-01","2025-02-28","625.00","0.00","625.00",1,"INV-0116-2","2025-04-10 10:00:00",NULL,"2025-02-01"
277,117,"2025-Feb","2025-02-01","2025-02-28","650.00","0.00","650.00",1,"INV-0117-2","2025-04-11 10:00:00",NULL,"2025-02-01"
278,118,"2025-Feb","2025-02-01","2025-02-28","675.00","0.00","675.00",1,"INV-0118-2","2025-04-12 10:00:00",NULL,"2025-02-01"
279,119,"2025-Feb","2025-02-01","2025-02-28","700.00","0.00","700.00",1,"INV-0119-2","2025-04-13 10:00:00",NULL,"2025-02-01"
280,120,"2025-Feb","2025-02-01","2025-02-28","600.00","0.00","600.00",1,"INV-0120-2","2025-04-14 10:00:00",NULL,"2025-02-01"
281,121,"2025-Feb","2025-02-01","2025-02-28","625.00","0.00","625.00",1,"INV-0121-2","2025-04-15 10:00:00",NULL,"2025-02-01"
282,122,"2025-Feb","2025-02-01","2025-02-28","650.00","0.00","650.00",1,"INV-0122-2","2025-04-16 10:00:00",NULL,"2025-02-01"
283,123,"2025-Feb","2025-02-01","2025-02-28","675.00","0.00","675.00",1,"INV-0123-2","2025-04-17 10:00:00",NULL,"2025-02-01"
284,124,"2025-Feb","2025-02-01","2025-02-28","700.00","0.00","700.00",1,"INV-0124-2","2025-04-18 10:00:00",NULL,"2025-02-01"
285,125,"2025-Feb","2025-02-01","2025-02-28","600.00","0.00","600.00",1,"INV-0125-2","2025-04-19 10:00:00",NULL,"2025-02-01"
286,126,"2025-Feb","2025-02-01","2025-02-28","625.00","0.00","625.00",1,"INV-0126-2","2025-04-20 10:00:00",NULL,"2025-02-01"
287,127,"2025-Feb","2025-02-01","2025-02-28","650.00","0.00","650.00",1,"INV-0127-2","2025-04-21 10:00:00",NULL,"2025-02-01"
288,128,"2025-Feb","2025-02-01","2025-02-28","675.00","0.00","675.00",1,"INV-0128-2","2025-04-22 10:00:00",NULL,"2025-02-01"
289,129,"2025-Feb","2025-02-01","2025-02-28","700.00","0.00","700.00",1,"INV-0129-2","2025-04-23 10:00:00",NULL,"2025-02-01"
290,130,"2025-Feb","2025-02-01","2025-02-28","600.00","0.00","600.00",1,"INV-0130-2","2025-04-24 10:00:00",NULL,"2025-02-01"
291,131,"2025-Feb","2025-02-01","2025-02-28","625.00","0.00","625.00",1,"INV-0131-2","2025-04-25 10:00:00",NULL,"2025-02-01"
292,132,"2025-Feb","2025-02-01","2025-02-28","650.00","0.00","650.00",1,"INV-0132-2","2025-04-26 10:00:00",NULL,"2025-02-01"
293,133,"2025-Feb","2025-02-01","2025-02-28","675.00","0.00","675.00",1,"INV-0133-2","2025-04-27 10:00:00",NULL,"2025-02-01"
294,134,"2025-Feb","2025-02-01","2025-02-28","700.00","0.00","700.00",1,"INV-0134-2","2025-04-28 10:00:00",NULL,"2025-02-01"
295,135,"2025-Feb","2025-02-01","2025-02-28","600.00","0.00","600.00",1,"INV-0135-2","2025-04-29 10:00:00",NULL,"2025-02-01"
296,136,"2025-Feb","2025-02-01","2025-02-28","625.00","0.00","625.00",1,"INV-0136-2","2025-04-30 10:00:00",NULL,"2025-02-01"
297,137,"2025-Feb","2025-02-01","2025-02-28","650.00","0.00","650.00",1,"INV-0137-2","2025-05-01 10:00:00",NULL,"2025-02-01"
298,138,"2025-Feb","2025-02-01","2025-02-28","675.00","0.00","675.00",1,"INV-0138-2","2025-05-02 10:00:00",NULL,"2025-02-01"
299,139,"2025-Feb","2025-02-01","2025-02-28","700.00","0.00","700.00",1,"INV-0139-2","2025-05-03 10:00:00",NULL,"2025-02-01"
300,140,"2025-Feb","2025-02-01","2025-02-28","600.00","0.00","600.00",1,"INV-0140-2","2025-05-04 10:00:00",NULL,"2025-02-01"
301,141,"2025-Feb","2025-02-01","2025-02-28","625.00","0.00","625.00",1,"INV-0141-2","2025-05-05 10:00:00",NULL,"2025-02-01"
302,142,"2025-Feb","2025-02-01","2025-02-28","650.00","0.00","650.00",1,"INV-0142-2","2025-05-06 10:00:00",NULL,"2025-02-01"
303,143,"2025-Feb","2025-02-01","2025-02-28","675.00","0.00","675.00",1,"INV-0143-2","2025-05-07 10:00:00",NULL,"2025-02-01"
304,144,"2025-Feb","2025-02-01","2025-02-28","700.00","0.00","700.00",1,"INV-0144-2","2025-05-08 10:00:00",NULL,"2025-02-01"
305,145,"2025-Feb","2025-02-01","2025-02-28","600.00","0.00","600.00",1,"INV-0145-2","2025-05-09 10:00:00",NULL,"2025-02-01"
306,146,"2025-Feb","2025-02-01","2025-02-28","625.00","0.00","625.00",1,"INV-0146-2","2025-05-10 10:00:00",NULL,"2025-02-01"
307,147,"2025-Feb","2025-02-01","2025-02-28","650.00","0.00","650.00",1,"INV-0147-2","2025-05-11 10:00:00",NULL,"2025-02-01"
308,148,"2025-Feb","2025-02-01","2025-02-28","675.00","0.00","675.00",1,"INV-0148-2","2025-05-12 10:00:00",NULL,"2025-02-01"
309,149,"2025-Feb","2025-02-01","2025-02-28","700.00","0.00","700.00",1,"INV-0149-2","2025-05-13 10:00:00",NULL,"2025-02-01"
310,150,"2025-Feb","2025-02-01","2025-02-28","600.00","0.00","600.00",1,"INV-0150-2","2025-05-14 10:00:00",NULL,"2025-02-01"
311,151,"2025-Feb","2025-02-01","2025-02-28","625.00","0.00","625.00",1,"INV-0151-2","2025-05-15 10:00:00",NULL,"2025-02-01"
312,152,"2025-Feb","2025-02-01","2025-02-28","650.00","0.00","650.00",1,"INV-0152-2","2025-05-16 10:00:00",NULL,"2025-02-01"
313,153,"2025-Feb","2025-02-01","2025-02-28","675.00","0.00","675.00",1,"INV-0153-2","2025-05-17 10:00:00",NULL,"2025-02-01"
314,154,"2025-Feb","2025-02-01","2025-02-28","700.00","0.00","700.00",1,"INV-0154-2","2025-05-18 10:00:00",NULL,"2025-02-01"
315,155,"2025-Feb","2025-02-01","2025-02-28","600.00","0.00","600.00",1,"INV-0155-2","2025-05-19 10:00:00",NULL,"2025-02-01"
316,156,"2025-Feb","2025-02-01","2025-02-28","625.00","0.00","625.00",1,"INV-0156-2","2025-05-20 10:00:00",NULL,"2025-02-01"
317,157,"2025-Feb","2025-02-01","2025-02-28","650.00","0.00","650.00",1,"INV-0157-2","2025-05-21 10:00:00",NULL,"2025-02-01"
318,158,"2025-Feb","2025-02-01","2025-02-28","675.00","0.00","675.00",1,"INV-0158-2","2025-05-22 10:00:00",NULL,"2025-02-01"
319,159,"2025-Feb","2025-02-01","2025-02-28","700.00","0.00","700.00",1,"INV-0159-2","2025-05-23 10:00:00",NULL,"2025-02-01"
320,160,"2025-Feb","2025-02-01","2025-02-28","600.00","0.00","600.00",1,"INV-0160-2","2025-05-24 10:00:00",NULL,"2025-02-01"
321,1,"2025-Mar","2025-03-01","2025-03-31","625.00","0.00","625.00",1,"INV-0001-3","2024-12-16 10:00:00",NULL,"2025-03-01"
322,2,"2025-Mar","2025-03-01","2025-03-31","650.00","0.00","650.00",1,"INV-0002-3","2024-12-17 10:00:00",NULL,"2025-03-01"
323,3,"2025-Mar","2025-03-01","2025-03-31","675.00","0.00","675.00",1,"INV-0003-3","2024-12-18 10:00:00",NULL,"2025-03-01"
324,4,"2025-Mar","2025-03-01","2025-03-31","700.00","0.00","700.00",1,"INV-0004-3","2024-12-19 10:00:00",NULL,"2025-03-01"
325,5,"2025-Mar","2025-03-01","2025-03-31","600.00","0.00","600.00",1,"INV-0005-3","2024-12-20 10:00:00",NULL,"2025-03-01"
326,6,"2025-Mar","2025-03-01","2025-03-31","625.00","0.00","625.00",1,"INV-0006-3","2024-12-21 10:00:00",NULL,"2025-03-01"
327,7,"2025-Mar","2025-03-01","2025-03-31","650.00","0.00","650.00",1,"INV-0007-3","2024-12-22 10:00:00",NULL,"2025-03-01"
328,8,"2025-Mar","2025-03-01","2025-03-31","675.00","0.00","675.00",1,"INV-0008-3","2024-12-23 10:00:00",NULL,"2025-03-01"
329,9,"2025-Mar","2025-03-01","2025-03-31","700.00","0.00","700.00",1,"INV-0009-3","2024-12-24 10:00:00",NULL,"2025-03-01"
330,10,"2025-Mar","2025-03-01","2025-03-31","600.00","0.00","600.00",1,"INV-0010-3","2024-12-25 10:00:00",NULL,"2025-03-01"
331,11,"2025-Mar","2025-03-01","2025-03-31","625.00","0.00","625.00",1,"INV-0011-3","2024-12-26 10:00:00",NULL,"2025-03-01"
332,12,"2025-Mar","2025-03-01","2025-03-31","650.00","0.00","650.00",1,"INV-0012-3","2024-12-27 10:00:00",NULL,"2025-03-01"
333,13,"2025-Mar","2025-03-01","2025-03-31","675.00","0.00","675.00",1,"INV-0013-3","2024-12-28 10:00:00",NULL,"2025-03-01"
334,14,"2025-Mar","2025-03-01","2025-03-31","700.00","0.00","700.00",1,"INV-0014-3","2024-12-29 10:00:00",NULL,"2025-03-01"
335,15,"2025-Mar","2025-03-01","2025-03-31","600.00","0.00","600.00",1,"INV-0015-3","2024-12-30 10:00:00",NULL,"2025-03-01"
336,16,"2025-Mar","2025-03-01","2025-03-31","625.00","0.00","625.00",1,"INV-0016-3","2024-12-31 10:00:00",NULL,"2025-03-01"
337,17,"2025-Mar","2025-03-01","2025-03-31","650.00","0.00","650.00",1,"INV-0017-3","2025-01-01 10:00:00",NULL,"2025-03-01"
338,18,"2025-Mar","2025-03-01","2025-03-31","675.00","0.00","675.00",1,"INV-0018-3","2025-01-02 10:00:00",NULL,"2025-03-01"
339,19,"2025-Mar","2025-03-01","2025-03-31","700.00","0.00","700.00",1,"INV-0019-3","2025-01-03 10:00:00",NULL,"2025-03-01"
340,20,"2025-Mar","2025-03-01","2025-03-31","600.00","0.00","600.00",1,"INV-0020-3","2025-01-04 10:00:00",NULL,"2025-03-01"
341,21,"2025-Mar","2025-03-01","2025-03-31","625.00","0.00","625.00",1,"INV-0021-3","2025-01-05 10:00:00",NULL,"2025-03-01"
342,22,"2025-Mar","2025-03-01","2025-03-31","650.00","0.00","650.00",1,"INV-0022-3","2025-01-06 10:00:00",NULL,"2025-03-01"
343,23,"2025-Mar","2025-03-01","2025-03-31","675.00","0.00","675.00",1,"INV-0023-3","2025-01-07 10:00:00",NULL,"2025-03-01"
344,24,"2025-Mar","2025-03-01","2025-03-31","700.00","0.00","700.00",1,"INV-0024-3","2025-01-08 10:00:00",NULL,"2025-03-01"
345,25,"2025-Mar","2025-03-01","2025-03-31","600.00","0.00","600.00",1,"INV-0025-3","2025-01-09 10:00:00",NULL,"2025-03-01"
346,26,"2025-Mar","2025-03-01","2025-03-31","625.00","0.00","625.00",1,"INV-0026-3","2025-01-10 10:00:00",NULL,"2025-03-01"
347,27,"2025-Mar","2025-03-01","2025-03-31","650.00","0.00","650.00",1,"INV-0027-3","2025-01-11 10:00:00",NULL,"2025-03-01"
348,28,"2025-Mar","2025-03-01","2025-03-31","675.00","0.00","675.00",1,"INV-0028-3","2025-01-12 10:00:00",NULL,"2025-03-01"
349,29,"2025-Mar","2025-03-01","2025-03-31","700.00","0.00","700.00",1,"INV-0029-3","2025-01-13 10:00:00",NULL,"2025-03-01"
350,30,"2025-Mar","2025-03-01","2025-03-31","600.00","0.00","600.00",1,"INV-0030-3","2025-01-14 10:00:00",NULL,"2025-03-01"
351,31,"2025-Mar","2025-03-01","2025-03-31","625.00","0.00","625.00",1,"INV-0031-3","2025-01-15 10:00:00",NULL,"2025-03-01"
352,32,"2025-Mar","2025-03-01","2025-03-31","650.00","0.00","650.00",1,"INV-0032-3","2025-01-16 10:00:00",NULL,"2025-03-01"
353,33,"2025-Mar","2025-03-01","2025-03-31","675.00","0.00","675.00",1,"INV-0033-3","2025-01-17 10:00:00",NULL,"2025-03-01"
354,34,"2025-Mar","2025-03-01","2025-03-31","700.00","0.00","700.00",1,"INV-0034-3","2025-01-18 10:00:00",NULL,"2025-03-01"
355,35,"2025-Mar","2025-03-01","2025-03-31","600.00","0.00","600.00",1,"INV-0035-3","2025-01-19 10:00:00",NULL,"2025-03-01"
356,36,"2025-Mar","2025-03-01","2025-03-31","625.00","0.00","625.00",1,"INV-0036-3","2025-01-20 10:00:00",NULL,"2025-03-01"
357,37,"2025-Mar","2025-03-01","2025-03-31","650.00","0.00","650.00",1,"INV-0037-3","2025-01-21 10:00:00",NULL,"2025-03-01"
358,38,"2025-Mar","2025-03-01","2025-03-31","675.00","0.00","675.00",1,"INV-0038-3","2025-01-22 10:00:00",NULL,"2025-03-01"
359,39,"2025-Mar","2025-03-01","2025-03-31","700.00","0.00","700.00",1,"INV-0039-3","2025-01-23 10:00:00",NULL,"2025-03-01"
360,40,"2025-Mar","2025-03-01","2025-03-31","600.00","0.00","600.00",1,"INV-0040-3","2025-01-24 10:00:00",NULL,"2025-03-01"
361,41,"2025-Mar","2025-03-01","2025-03-31","625.00","0.00","625.00",1,"INV-0041-3","2025-01-25 10:00:00",NULL,"2025-03-01"
362,42,"2025-Mar","2025-03-01","2025-03-31","650.00","0.00","650.00",1,"INV-0042-3","2025-01-26 10:00:00",NULL,"2025-03-01"
363,43,"2025-Mar","2025-03-01","2025-03-31","675.00","0.00","675.00",1,"INV-0043-3","2025-01-27 10:00:00",NULL,"2025-03-01"
364,44,"2025-Mar","2025-03-01","2025-03-31","700.00","0.00","700.00",1,"INV-0044-3","2025-01-28 10:00:00",NULL,"2025-03-01"
365,45,"2025-Mar","2025-03-01","2025-03-31","600.00","0.00","600.00",1,"INV-0045-3","2025-01-29 10:00:00",NULL,"2025-03-01"
366,46,"2025-Mar","2025-03-01","2025-03-31","625.00","0.00","625.00",1,"INV-0046-3","2025-01-30 10:00:00",NULL,"2025-03-01"
367,47,"2025-Mar","2025-03-01","2025-03-31","650.00","0.00","650.00",1,"INV-0047-3","2025-01-31 10:00:00",NULL,"2025-03-01"
368,48,"2025-Mar","2025-03-01","2025-03-31","675.00","0.00","675.00",1,"INV-0048-3","2025-02-01 10:00:00",NULL,"2025-03-01"
369,49,"2025-Mar","2025-03-01","2025-03-31","700.00","0.00","700.00",1,"INV-0049-3","2025-02-02 10:00:00",NULL,"2025-03-01"
370,50,"2025-Mar","2025-03-01","2025-03-31","600.00","0.00","600.00",1,"INV-0050-3","2025-02-03 10:00:00",NULL,"2025-03-01"
371,51,"2025-Mar","2025-03-01","2025-03-31","625.00","0.00","625.00",1,"INV-0051-3","2025-02-04 10:00:00",NULL,"2025-03-01"
372,52,"2025-Mar","2025-03-01","2025-03-31","650.00","0.00","650.00",1,"INV-0052-3","2025-02-05 10:00:00",NULL,"2025-03-01"
373,53,"2025-Mar","2025-03-01","2025-03-31","675.00","0.00","675.00",1,"INV-0053-3","2025-02-06 10:00:00",NULL,"2025-03-01"
374,54,"2025-Mar","2025-03-01","2025-03-31","700.00","0.00","700.00",1,"INV-0054-3","2025-02-07 10:00:00",NULL,"2025-03-01"
375,55,"2025-Mar","2025-03-01","2025-03-31","600.00","0.00","600.00",1,"INV-0055-3","2025-02-08 10:00:00",NULL,"2025-03-01"
376,56,"2025-Mar","2025-03-01","2025-03-31","625.00","0.00","625.00",1,"INV-0056-3","2025-02-09 10:00:00",NULL,"2025-03-01"
377,57,"2025-Mar","2025-03-01","2025-03-31","650.00","0.00","650.00",1,"INV-0057-3","2025-02-10 10:00:00",NULL,"2025-03-01"
378,58,"2025-Mar","2025-03-01","2025-03-31","675.00","0.00","675.00",1,"INV-0058-3","2025-02-11 10:00:00",NULL,"2025-03-01"
379,59,"2025-Mar","2025-03-01","2025-03-31","700.00","0.00","700.00",1,"INV-0059-3","2025-02-12 10:00:00",NULL,"2025-03-01"
380,60,"2025-Mar","2025-03-01","2025-03-31","600.00","0.00","600.00",1,"INV-0060-3","2025-02-13 10:00:00",NULL,"2025-03-01"
381,61,"2025-Mar","2025-03-01","2025-03-31","625.00","0.00","625.00",1,"INV-0061-3","2025-02-14 10:00:00",NULL,"2025-03-01"
382,62,"2025-Mar","2025-03-01","2025-03-31","650.00","0.00","650.00",1,"INV-0062-3","2025-02-15 10:00:00",NULL,"2025-03-01"
383,63,"2025-Mar","2025-03-01","2025-03-31","675.00","0.00","675.00",1,"INV-0063-3","2025-02-16 10:00:00",NULL,"2025-03-01"
384,64,"2025-Mar","2025-03-01","2025-03-31","700.00","0.00","700.00",1,"INV-0064-3","2025-02-17 10:00:00",NULL,"2025-03-01"
385,65,"2025-Mar","2025-03-01","2025-03-31","600.00","0.00","600.00",1,"INV-0065-3","2025-02-18 10:00:00",NULL,"2025-03-01"
386,66,"2025-Mar","2025-03-01","2025-03-31","625.00","0.00","625.00",1,"INV-0066-3","2025-02-19 10:00:00",NULL,"2025-03-01"
387,67,"2025-Mar","2025-03-01","2025-03-31","650.00","0.00","650.00",1,"INV-0067-3","2025-02-20 10:00:00",NULL,"2025-03-01"
388,68,"2025-Mar","2025-03-01","2025-03-31","675.00","0.00","675.00",1,"INV-0068-3","2025-02-21 10:00:00",NULL,"2025-03-01"
389,69,"2025-Mar","2025-03-01","2025-03-31","700.00","0.00","700.00",1,"INV-0069-3","2025-02-22 10:00:00",NULL,"2025-03-01"
390,70,"2025-Mar","2025-03-01","2025-03-31","600.00","0.00","600.00",1,"INV-0070-3","2025-02-23 10:00:00",NULL,"2025-03-01"
391,71,"2025-Mar","2025-03-01","2025-03-31","625.00","0.00","625.00",1,"INV-0071-3","2025-02-24 10:00:00",NULL,"2025-03-01"
392,72,"2025-Mar","2025-03-01","2025-03-31","650.00","0.00","650.00",1,"INV-0072-3","2025-02-25 10:00:00",NULL,"2025-03-01"
393,73,"2025-Mar","2025-03-01","2025-03-31","675.00","0.00","675.00",1,"INV-0073-3","2025-02-26 10:00:00",NULL,"2025-03-01"
394,74,"2025-Mar","2025-03-01","2025-03-31","700.00","0.00","700.00",1,"INV-0074-3","2025-02-27 10:00:00",NULL,"2025-03-01"
395,75,"2025-Mar","2025-03-01","2025-03-31","600.00","0.00","600.00",1,"INV-0075-3","2025-02-28 10:00:00",NULL,"2025-03-01"
396,76,"2025-Mar","2025-03-01","2025-03-31","625.00","0.00","625.00",1,"INV-0076-3","2025-03-01 10:00:00",NULL,"2025-03-01"
397,77,"2025-Mar","2025-03-01","2025-03-31","650.00","0.00","650.00",1,"INV-0077-3","2025-03-02 10:00:00",NULL,"2025-03-01"
398,78,"2025-Mar","2025-03-01","2025-03-31","675.00","0.00","675.00",1,"INV-0078-3","2025-03-03 10:00:00",NULL,"2025-03-01"
399,79,"2025-Mar","2025-03-01","2025-03-31","700.00","0.00","700.00",1,"INV-0079-3","2025-03-04 10:00:00",NULL,"2025-03-01"
400,80,"2025-Mar","2025-03-01","2025-03-31","600.00","0.00","600.00",1,"INV-0080-3","2025-03-05 10:00:00",NULL,"2025-03-01"
401,81,"2025-Mar","2025-03-01","2025-03-31","625.00","0.00","625.00",1,"INV-0081-3","2025-03-06 10:00:00",NULL,"2025-03-01"
402,82,"2025-Mar","2025-03-01","2025-03-31","650.00","0.00","650.00",1,"INV-0082-3","2025-03-07 10:00:00",NULL,"2025-03-01"
403,83,"2025-Mar","2025-03-01","2025-03-31","675.00","0.00","675.00",1,"INV-0083-3","2025-03-08 10:00:00",NULL,"2025-03-01"
404,84,"2025-Mar","2025-03-01","2025-03-31","700.00","0.00","700.00",1,"INV-0084-3","2025-03-09 10:00:00",NULL,"2025-03-01"
405,85,"2025-Mar","2025-03-01","2025-03-31","600.00","0.00","600.00",1,"INV-0085-3","2025-03-10 10:00:00",NULL,"2025-03-01"
406,86,"2025-Mar","2025-03-01","2025-03-31","625.00","0.00","625.00",1,"INV-0086-3","2025-03-11 10:00:00",NULL,"2025-03-01"
407,87,"2025-Mar","2025-03-01","2025-03-31","650.00","0.00","650.00",1,"INV-0087-3","2025-03-12 10:00:00",NULL,"2025-03-01"
408,88,"2025-Mar","2025-03-01","2025-03-31","675.00","0.00","675.00",1,"INV-0088-3","2025-03-13 10:00:00",NULL,"2025-03-01"
409,89,"2025-Mar","2025-03-01","2025-03-31","700.00","0.00","700.00",1,"INV-0089-3","2025-03-14 10:00:00",NULL,"2025-03-01"
410,90,"2025-Mar","2025-03-01","2025-03-31","600.00","0.00","600.00",1,"INV-0090-3","2025-03-15 10:00:00",NULL,"2025-03-01"
411,91,"2025-Mar","2025-03-01","2025-03-31","625.00","0.00","625.00",1,"INV-0091-3","2025-03-16 10:00:00",NULL,"2025-03-01"
412,92,"2025-Mar","2025-03-01","2025-03-31","650.00","0.00","650.00",1,"INV-0092-3","2025-03-17 10:00:00",NULL,"2025-03-01"
413,93,"2025-Mar","2025-03-01","2025-03-31","675.00","0.00","675.00",1,"INV-0093-3","2025-03-18 10:00:00",NULL,"2025-03-01"
414,94,"2025-Mar","2025-03-01","2025-03-31","700.00","0.00","700.00",1,"INV-0094-3","2025-03-19 10:00:00",NULL,"2025-03-01"
415,95,"2025-Mar","2025-03-01","2025-03-31","600.00","0.00","600.00",1,"INV-0095-3","2025-03-20 10:00:00",NULL,"2025-03-01"
416,96,"2025-Mar","2025-03-01","2025-03-31","625.00","0.00","625.00",1,"INV-0096-3","2025-03-21 10:00:00",NULL,"2025-03-01"
417,97,"2025-Mar","2025-03-01","2025-03-31","650.00","0.00","650.00",1,"INV-0097-3","2025-03-22 10:00:00",NULL,"2025-03-01"
418,98,"2025-Mar","2025-03-01","2025-03-31","675.00","0.00","675.00",1,"INV-0098-3","2025-03-23 10:00:00",NULL,"2025-03-01"
419,99,"2025-Mar","2025-03-01","2025-03-31","700.00","0.00","700.00",1,"INV-0099-3","2025-03-24 10:00:00",NULL,"2025-03-01"
420,100,"2025-Mar","2025-03-01","2025-03-31","600.00","0.00","600.00",1,"INV-0100-3","2025-03-25 10:00:00",NULL,"2025-03-01"
421,101,"2025-Mar","2025-03-01","2025-03-31","625.00","0.00","625.00",1,"INV-0101-3","2025-03-26 10:00:00",NULL,"2025-03-01"
422,102,"2025-Mar","2025-03-01","2025-03-31","650.00","0.00","650.00",1,"INV-0102-3","2025-03-27 10:00:00",NULL,"2025-03-01"
423,103,"2025-Mar","2025-03-01","2025-03-31","675.00","0.00","675.00",1,"INV-0103-3","2025-03-28 10:00:00",NULL,"2025-03-01"
424,104,"2025-Mar","2025-03-01","2025-03-31","700.00","0.00","700.00",1,"INV-0104-3","2025-03-29 10:00:00",NULL,"2025-03-01"
425,105,"2025-Mar","2025-03-01","2025-03-31","600.00","0.00","600.00",1,"INV-0105-3","2025-03-30 10:00:00",NULL,"2025-03-01"
426,106,"2025-Mar","2025-03-01","2025-03-31","625.00","0.00","625.00",1,"INV-0106-3","2025-03-31 10:00:00",NULL,"2025-03-01"
427,107,"2025-Mar","2025-03-01","2025-03-31","650.00","0.00","650.00",1,"INV-0107-3","2025-04-01 10:00:00",NULL,"2025-03-01"
428,108,"2025-Mar","2025-03-01","2025-03-31","675.00","0.00","675.00",1,"INV-0108-3","2025-04-02 10:00:00",NULL,"2025-03-01"
429,109,"2025-Mar","2025-03-01","2025-03-31","700.00","0.00","700.00",1,"INV-0109-3","2025-04-03 10:00:00",NULL,"2025-03-01"
430,110,"2025-Mar","2025-03-01","2025-03-31","600.00","0.00","600.00",1,"INV-0110-3","2025-04-04 10:00:00",NULL,"2025-03-01"
431,111,"2025-Mar","2025-03-01","2025-03-31","625.00","0.00","625.00",1,"INV-0111-3","2025-04-05 10:00:00",NULL,"2025-03-01"
432,112,"2025-Mar","2025-03-01","2025-03-31","650.00","0.00","650.00",1,"INV-0112-3","2025-04-06 10:00:00",NULL,"2025-03-01"
433,113,"2025-Mar","2025-03-01","2025-03-31","675.00","0.00","675.00",1,"INV-0113-3","2025-04-07 10:00:00",NULL,"2025-03-01"
434,114,"2025-Mar","2025-03-01","2025-03-31","700.00","0.00","700.00",1,"INV-0114-3","2025-04-08 10:00:00",NULL,"2025-03-01"
435,115,"2025-Mar","2025-03-01","2025-03-31","600.00","0.00","600.00",1,"INV-0115-3","2025-04-09 10:00:00",NULL,"2025-03-01"
436,116,"2025-Mar","2025-03-01","2025-03-31","625.00","0.00","625.00",1,"INV-0116-3","2025-04-10 10:00:00",NULL,"2025-03-01"
437,117,"2025-Mar","2025-03-01","2025-03-31","650.00","0.00","650.00",1,"INV-0117-3","2025-04-11 10:00:00",NULL,"2025-03-01"
438,118,"2025-Mar","2025-03-01","2025-03-31","675.00","0.00","675.00",1,"INV-0118-3","2025-04-12 10:00:00",NULL,"2025-03-01"
439,119,"2025-Mar","2025-03-01","2025-03-31","700.00","0.00","700.00",1,"INV-0119-3","2025-04-13 10:00:00",NULL,"2025-03-01"
440,120,"2025-Mar","2025-03-01","2025-03-31","600.00","0.00","600.00",1,"INV-0120-3","2025-04-14 10:00:00",NULL,"2025-03-01"
441,121,"2025-Mar","2025-03-01","2025-03-31","625.00","0.00","625.00",1,"INV-0121-3","2025-04-15 10:00:00",NULL,"2025-03-01"
442,122,"2025-Mar","2025-03-01","2025-03-31","650.00","0.00","650.00",1,"INV-0122-3","2025-04-16 10:00:00",NULL,"2025-03-01"
443,123,"2025-Mar","2025-03-01","2025-03-31","675.00","0.00","675.00",1,"INV-0123-3","2025-04-17 10:00:00",NULL,"2025-03-01"
444,124,"2025-Mar","2025-03-01","2025-03-31","700.00","0.00","700.00",1,"INV-0124-3","2025-04-18 10:00:00",NULL,"2025-03-01"
445,125,"2025-Mar","2025-03-01","2025-03-31","600.00","0.00","600.00",1,"INV-0125-3","2025-04-19 10:00:00",NULL,"2025-03-01"
446,126,"2025-Mar","2025-03-01","2025-03-31","625.00","0.00","625.00",1,"INV-0126-3","2025-04-20 10:00:00",NULL,"2025-03-01"
447,127,"2025-Mar","2025-03-01","2025-03-31","650.00","0.00","650.00",1,"INV-0127-3","2025-04-21 10:00:00",NULL,"2025-03-01"
448,128,"2025-Mar","2025-03-01","2025-03-31","675.00","0.00","675.00",1,"INV-0128-3","2025-04-22 10:00:00",NULL,"2025-03-01"
449,129,"2025-Mar","2025-03-01","2025-03-31","700.00","0.00","700.00",1,"INV-0129-3","2025-04-23 10:00:00",NULL,"2025-03-01"
450,130,"2025-Mar","2025-03-01","2025-03-31","600.00","0.00","600.00",1,"INV-0130-3","2025-04-24 10:00:00",NULL,"2025-03-01"
451,131,"2025-Mar","2025-03-01","2025-03-31","625.00","0.00","625.00",1,"INV-0131-3","2025-04-25 10:00:00",NULL,"2025-03-01"
452,132,"2025-Mar","2025-03-01","2025-03-31","650.00","0.00","650.00",1,"INV-0132-3","2025-04-26 10:00:00",NULL,"2025-03-01"
453,133,"2025-Mar","2025-03-01","2025-03-31","675.00","0.00","675.00",1,"INV-0133-3","2025-04-27 10:00:00",NULL,"2025-03-01"
454,134,"2025-Mar","2025-03-01","2025-03-31","700.00","0.00","700.00",1,"INV-0134-3","2025-04-28 10:00:00",NULL,"2025-03-01"
455,135,"2025-Mar","2025-03-01","2025-03-31","600.00","0.00","600.00",1,"INV-0135-3","2025-04-29 10:00:00",NULL,"2025-03-01"
456,136,"2025-Mar","2025-03-01","2025-03-31","625.00","0.00","625.00",1,"INV-0136-3","2025-04-30 10:00:00",NULL,"2025-03-01"
457,137,"2025-Mar","2025-03-01","2025-03-31","650.00","0.00","650.00",1,"INV-0137-3","2025-05-01 10:00:00",NULL,"2025-03-01"
458,138,"2025-Mar","2025-03-01","2025-03-31","675.00","0.00","675.00",1,"INV-0138-3","2025-05-02 10:00:00",NULL,"2025-03-01"
459,139,"2025-Mar","2025-03-01","2025-03-31","700.00","0.00","700.00",1,"INV-0139-3","2025-05-03 10:00:00",NULL,"2025-03-01"
460,140,"2025-Mar","2025-03-01","2025-03-31","600.00","0.00","600.00",1,"INV-0140-3","2025-05-04 10:00:00",NULL,"2025-03-01"
461,141,"2025-Mar","2025-03-01","2025-03-31","625.00","0.00","625.00",1,"INV-0141-3","2025-05-05 10:00:00",NULL,"2025-03-01"
462,142,"2025-Mar","2025-03-01","2025-03-31","650.00","0.00","650.00",1,"INV-0142-3","2025-05-06 10:00:00",NULL,"2025-03-01"
463,143,"2025-Mar","2025-03-01","2025-03-31","675.00","0.00","675.00",1,"INV-0143-3","2025-05-07 10:00:00",NULL,"2025-03-01"
464,144,"2025-Mar","2025-03-01","2025-03-31","700.00","0.00","700.00",1,"INV-0144-3","2025-05-08 10:00:00",NULL,"2025-03-01"
465,145,"2025-Mar","2025-03-01","2025-03-31","600.00","0.00","600.00",1,"INV-0145-3","2025-05-09 10:00:00",NULL,"2025-03-01"
466,146,"2025-Mar","2025-03-01","2025-03-31","625.00","0.00","625.00",1,"INV-0146-3","2025-05-10 10:00:00",NULL,"2025-03-01"
467,147,"2025-Mar","2025-03-01","2025-03-31","650.00","0.00","650.00",1,"INV-0147-3","2025-05-11 10:00:00",NULL,"2025-03-01"
468,148,"2025-Mar","2025-03-01","2025-03-31","675.00","0.00","675.00",1,"INV-0148-3","2025-05-12 10:00:00",NULL,"2025-03-01"
469,149,"2025-Mar","2025-03-01","2025-03-31","700.00","0.00","700.00",1,"INV-0149-3","2025-05-13 10:00:00",NULL,"2025-03-01"
470,150,"2025-Mar","2025-03-01","2025-03-31","600.00","0.00","600.00",1,"INV-0150-3","2025-05-14 10:00:00",NULL,"2025-03-01"
471,151,"2025-Mar","2025-03-01","2025-03-31","625.00","0.00","625.00",1,"INV-0151-3","2025-05-15 10:00:00",NULL,"2025-03-01"
472,152,"2025-Mar","2025-03-01","2025-03-31","650.00","0.00","650.00",1,"INV-0152-3","2025-05-16 10:00:00",NULL,"2025-03-01"
473,153,"2025-Mar","2025-03-01","2025-03-31","675.00","0.00","675.00",1,"INV-0153-3","2025-05-17 10:00:00",NULL,"2025-03-01"
474,154,"2025-Mar","2025-03-01","2025-03-31","700.00","0.00","700.00",1,"INV-0154-3","2025-05-18 10:00:00",NULL,"2025-03-01"
475,155,"2025-Mar","2025-03-01","2025-03-31","600.00","0.00","600.00",1,"INV-0155-3","2025-05-19 10:00:00",NULL,"2025-03-01"
476,156,"2025-Mar","2025-03-01","2025-03-31","625.00","0.00","625.00",1,"INV-0156-3","2025-05-20 10:00:00",NULL,"2025-03-01"
477,157,"2025-Mar","2025-03-01","2025-03-31","650.00","0.00","650.00",1,"INV-0157-3","2025-05-21 10:00:00",NULL,"2025-03-01"
478,158,"2025-Mar","2025-03-01","2025-03-31","675.00","0.00","675.00",1,"INV-0158-3","2025-05-22 10:00:00",NULL,"2025-03-01"
479,159,"2025-Mar","2025-03-01","2025-03-31","700.00","0.00","700.00",1,"INV-0159-3","2025-05-23 10:00:00",NULL,"2025-03-01"
480,160,"2025-Mar","2025-03-01","2025-03-31","600.00","0.00","600.00",1,"INV-0160-3","2025-05-24 10:00:00",NULL,"2025-03-01"
